{
  "timestamp": "2025-06-20T13:49:33.154812",
  "total_pairs_analyzed": 16,
  "trading_opportunities": 8,
  "top_opportunities": [
    {
      "pair": "B-BTC_USDT",
      "status": "analyzed",
      "current_price": 106345.7,
      "price_change_24h": null,
      "volume_24h": 101325.76999999999,
      "indicators": {
        "sma_20": 104822.905,
        "sma_50": 104626.57199999999,
        "ema_12": 105312.22431881522,
        "ema_26": 104946.47128456667,
        "macd": 365.7530342485552,
        "macd_signal": 169.80731478799945,
        "rsi": 97.21149149682506,
        "bb_upper": 106069.30001970999,
        "bb_lower": 103576.50998029001
      },
      "signals": {
        "rsi_overbought": true,
        "bb_overbought": true
      },
      "sl": 0.02,
      "tp": 0.04,
      "lev": 5,
      "prime_strategies": {
        "liquidation_heatmap": {
          "tested_liquidity_cluster": true,
          "accuracy": 0.99
        },
        "atr_projection": {
          "atr_break": "True",
          "accuracy": 1.0
        }
      },
      "executable_trade": true,
      "signal_count": 2
    },
    {
      "pair": "B-ETH_USDT",
      "status": "analyzed",
      "current_price": 2562.08,
      "price_change_24h": null,
      "volume_24h": 4171306.2429999993,
      "indicators": {
        "sma_20": 2523.3509999999997,
        "sma_50": 2519.9666,
        "ema_12": 2537.172837096709,
        "ema_26": 2527.5217462308433,
        "macd": 9.651090865865626,
        "macd_signal": 4.306098277187711,
        "rsi": 94.01403194506612,
        "bb_upper": 2558.5254631650214,
        "bb_lower": 2488.176536834978
      },
      "signals": {
        "rsi_overbought": true,
        "bb_overbought": true
      },
      "sl": 0.02,
      "tp": 0.04,
      "lev": 5,
      "prime_strategies": {
        "atr_projection": {
          "atr_break": "True",
          "accuracy": 1.0
        }
      },
      "executable_trade": true,
      "signal_count": 2
    },
    {
      "pair": "B-LINK_USDT",
      "status": "analyzed",
      "current_price": 13.254,
      "price_change_24h": null,
      "volume_24h": 13977932.309999999,
      "indicators": {
        "sma_20": 13.009649999999999,
        "sma_50": 13.0352,
        "ema_12": 13.093049855008427,
        "ema_26": 13.047537467517525,
        "macd": 0.04551238749090203,
        "macd_signal": 0.0074657979753584205,
        "rsi": 86.76171079429713,
        "bb_upper": 13.228455633526996,
        "bb_lower": 12.790844366473001
      },
      "signals": {
        "rsi_overbought": true,
        "bb_overbought": true
      },
      "sl": 0.02,
      "tp": 0.04,
      "lev": 5,
      "prime_strategies": {
        "atr_projection": {
          "atr_break": "True",
          "accuracy": 1.0
        }
      },
      "executable_trade": true,
      "signal_count": 2
    },
    {
      "pair": "B-UNI_USDT",
      "status": "analyzed",
      "current_price": 7.945,
      "price_change_24h": null,
      "volume_24h": 58796802.0,
      "indicators": {
        "sma_20": 7.610149999999999,
        "sma_50": 7.644780000000001,
        "ema_12": 7.726651002975754,
        "ema_26": 7.667761292845711,
        "macd": 0.058889710130043404,
        "macd_signal": 0.01025902470072652,
        "rsi": 89.68253968253985,
        "bb_upper": 7.899518295648146,
        "bb_lower": 7.320781704351853
      },
      "signals": {
        "rsi_overbought": true,
        "bb_overbought": true
      },
      "sl": 0.02,
      "tp": 0.04,
      "lev": 5,
      "prime_strategies": {
        "liquidation_heatmap": {
          "tested_liquidity_cluster": true,
          "accuracy": 0.99
        },
        "atr_projection": {
          "atr_break": "True",
          "accuracy": 1.0
        }
      },
      "executable_trade": true,
      "signal_count": 2
    },
    {
      "pair": "B-XRP_USDT",
      "status": "analyzed",
      "current_price": 2.1738,
      "price_change_24h": null,
      "volume_24h": 329740318.5,
      "indicators": {
        "sma_20": 2.1529,
        "sma_50": 2.1598699999999997,
        "ema_12": 2.1591053889366183,
        "ema_26": 2.1571944891058616,
        "macd": 0.0019108998307566516,
        "macd_signal": -0.0015984548116495247,
        "rsi": 76.14678899082567,
        "bb_upper": 2.1716239222161864,
        "bb_lower": 2.1341760777838132
      },
      "signals": {
        "rsi_overbought": true,
        "bb_overbought": true
      },
      "sl": 0.02,
      "tp": 0.04,
      "lev": 5,
      "prime_strategies": {
        "liquidation_heatmap": {
          "tested_liquidity_cluster": true,
          "accuracy": 0.99
        },
        "atr_projection": {
          "atr_break": "True",
          "accuracy": 1.0
        }
      },
      "executable_trade": true,
      "signal_count": 2
    },
    {
      "pair": "B-ATOM_USDT",
      "status": "analyzed",
      "current_price": 4.073,
      "price_change_24h": null,
      "volume_24h": 7760638.25,
      "indicators": {
        "sma_20": 4.0145,
        "sma_50": 4.02698,
        "ema_12": 4.036806308931896,
        "ema_26": 4.0252145361887,
        "macd": 0.011591772743196671,
        "macd_signal": 0.0023625219227220383,
        "rsi": 93.57798165137571,
        "bb_upper": 4.071341422997858,
        "bb_lower": 3.9576585770021415
      },
      "signals": {
        "rsi_overbought": true,
        "bb_overbought": true
      },
      "sl": 0.02,
      "tp": 0.04,
      "lev": 5,
      "prime_strategies": {
        "liquidation_heatmap": {
          "tested_liquidity_cluster": true,
          "accuracy": 0.99
        },
        "atr_projection": {
          "atr_break": "True",
          "accuracy": 1.0
        }
      },
      "executable_trade": true,
      "signal_count": 2
    },
    {
      "pair": "B-ALGO_USDT",
      "status": "analyzed",
      "current_price": 0.1719,
      "price_change_24h": null,
      "volume_24h": 107104678.7,
      "indicators": {
        "sma_20": 0.16821,
        "sma_50": 0.16853200000000002,
        "ema_12": 0.16965285348661835,
        "ema_26": 0.16883141268248403,
        "macd": 0.0008214408041343213,
        "macd_signal": 0.0002592752646121765,
        "rsi": 92.30769230769266,
        "bb_upper": 0.17178941483015261,
        "bb_lower": 0.16463058516984738
      },
      "signals": {
        "rsi_overbought": true,
        "bb_overbought": true
      },
      "sl": 0.02,
      "tp": 0.04,
      "lev": 5,
      "prime_strategies": {
        "liquidation_heatmap": {
          "tested_liquidity_cluster": true,
          "accuracy": 0.99
        },
        "atr_projection": {
          "atr_break": "True",
          "accuracy": 1.0
        }
      },
      "executable_trade": true,
      "signal_count": 2
    },
    {
      "pair": "B-VET_USDT",
      "status": "analyzed",
      "current_price": 0.02201,
      "price_change_24h": null,
      "volume_24h": 435628152.0,
      "indicators": {
        "sma_20": 0.0215891,
        "sma_50": 0.02161686,
        "ema_12": 0.02174145767695634,
        "ema_26": 0.021652025768760515,
        "macd": 8.943190819582503e-05,
        "macd_signal": 2.751513204335379e-05,
        "rsi": 87.94084186575634,
        "bb_upper": 0.02198104892255845,
        "bb_lower": 0.02119715107744155
      },
      "signals": {
        "rsi_overbought": true,
        "bb_overbought": true
      },
      "sl": 0.02,
      "tp": 0.04,
      "lev": 5,
      "prime_strategies": {
        "atr_projection": {
          "atr_break": "True",
          "accuracy": 1.0
        }
      },
      "executable_trade": true,
      "signal_count": 2
    }
  ]
}